{"text": " This is the second test with background noise. My ID is EMS001.", "segments": [{"id": 0, "seek": 0, "start": 0.0, "end": 4.0, "text": " This is the second test with background noise.", "tokens": [50364, 639, 307, 264, 1150, 1500, 365, 3678, 5658, 13, 50564], "temperature": 0.0, "avg_logprob": -0.36834135922518646, "compression_ratio": 0.9130434782608695, "no_speech_prob": 0.12839490175247192}, {"id": 1, "seek": 0, "start": 4.0, "end": 8.0, "text": " My ID is EMS001.", "tokens": [50564, 1222, 7348, 307, 462, 10288, 628, 16, 13, 50764], "temperature": 0.0, "avg_logprob": -0.36834135922518646, "compression_ratio": 0.9130434782608695, "no_speech_prob": 0.12839490175247192}], "language": "en"}