{"text": " This is my voice, this is my voice, and this is the test, testing, testing, 1, 2, 3.", "segments": [{"id": 0, "seek": 0, "start": 0.0, "end": 6.0, "text": " This is my voice, this is my voice, and this is the test, testing, testing, 1, 2, 3.", "tokens": [50364, 639, 307, 452, 3177, 11, 341, 307, 452, 3177, 11, 293, 341, 307, 264, 1500, 11, 4997, 11, 4997, 11, 502, 11, 568, 11, 805, 13, 50664], "temperature": 0.0, "avg_logprob": -0.3735411084931472, "compression_ratio": 1.4736842105263157, "no_speech_prob": 0.046622879803180695}], "language": "en"}