{"text": " This is frantic test. I try to accelerate my speech. This is frantic test again.", "segments": [{"id": 0, "seek": 0, "start": 0.0, "end": 10.0, "text": " This is frantic test. I try to accelerate my speech. This is frantic test again.", "tokens": [50364, 639, 307, 431, 7128, 1500, 13, 286, 853, 281, 21341, 452, 6218, 13, 639, 307, 431, 7128, 1500, 797, 13, 50864], "temperature": 0.0, "avg_logprob": -0.45339198734449304, "compression_ratio": 1.1594202898550725, "no_speech_prob": 0.27028095722198486}], "language": "en"}